nama,nip,username,password,kelas
Marius Antat,3164815441,mantat0,bz6lkICa,6
Stinky Santos,1079727728,ssantos1,RfCTq5lR6S,1
Berky Aslum,9291602132,baslum2,PifvxTP,6
Trey Fancutt,7048784288,tfancutt3,R3uOxA,3
Livvie MacParland,5967998594,lmacparland4,JRgQBR,5
Sayer Whall,3745532872,swhall5,asMrOk,2
Burton O'Donovan,9543007764,bodonovan6,FhU0wUVNEB56,4
Maxie Galley,3321563290,mgalley7,dZgF0JVKsuV,4
Helga Cortin,7413538679,hcortin8,2oleu52uEQ,1
Wye Duckels,7282160023,wduckels9,YNGLv57iNS8p,5
Arther Takos,3109192993,atakosa,M3aFa8ZTKW0Q,1
Debera Giocannoni,8508160836,dgiocannonib,bbSenVN8Et,6
Gregory Keddle,7759310781,gkeddlec,XHdnhf,1
Caril Thripp,9896665184,cthrippd,TldkZe,1
Stacey Cornhill,5779964270,scornhille,33UxEBwlh,5
Irving Binch,9484316042,ibinchf,PZnzA5,6
Tova Scriviner,5954124876,tscrivinerg,3jdKkXnmM,6
Patty Greenstock,3124363744,pgreenstockh,Jr2jCc1Bf3I,4
Dasya Standfield,2033024849,dstandfieldi,gSMsg1,3
Noak Menhci,5237873855,nmenhcij,nwanle3N,5
Kendall Marjot,2657461050,kmarjotk,tzRXbybXGLP,3
Brianna Agirre,7308041824,bagirrel,jLXQNDr,4
Jamey Setter,2718353805,jsetterm,mUgRpS8cIEr,6
Miltie Curless,7583937302,mcurlessn,fAZ8ZN56W,2
Wilhelm Ardley,8684909526,wardleyo,J0qCG279,2
Emmery Ebourne,8515619113,eebournep,k60vNKefvqBA,2
Tripp Baldetti,4063653749,tbaldettiq,BSoWwgi,6
Jennica Lavrinov,0807928550,jlavrinovr,D1jgmBRbLh,5
Shay Drysdell,4156510999,sdrysdells,UYmfivn,2
Gerrie Groger,2850413577,ggrogert,2qUIb2znv,5
