nama,nis,kelas,username,password
Gerianna Castel,1294166948,2,gcastel0,llsL4eaanA64
Shanan Millward,9051775369,1,smillward1,COAZxp
Adrianne Guyonnet,4693299251,3,aguyonnet2,Re5cxL
Miof mela Truman,6612644907,1,mmela3,8TA3CzT9
Terri-jo Delgado,3988452955,3,tdelgado4,ovantBBUgn
Roseanna Bradneck,9430829785,6,rbradneck5,HTyqQD
Emory Trace,1238177891,6,etrace6,pdvMbanobc2x
Kipp Kensall,8421844326,6,kkensall7,39TWM3l8A
Libbi Ackrill,4275224442,1,lackrill8,4O6rvEJF
Hurley Bellew,7559941311,1,hbellew9,iqDBEPSLHL
Patti Shill,0992414962,4,pshilla,V1WnpAuIpF
Teri Amner,3575468710,3,tamnerb,7YR4ik
Cecelia Pegler,7151167040,5,cpeglerc,3HtvNLYde
Neille Littleproud,4665325170,5,nlittleproudd,pxSObZC61
Tamqrah Cawkill,2745003526,6,tcawkille,dNuJDY7X6PPM
Langston Viner,5397636428,1,lvinerf,GQIfrNOsiq
Oralee Mulleary,0916338398,5,omullearyg,j4lEdEuVVnU
Corrie Jurgenson,6086785635,4,cjurgensonh,KsYddHu1z
Ellie Rapa,5347408812,2,erapai,gI7xON67yj1z
Odetta Itzcak,4122181356,3,oitzcakj,sZXzlKL
Shaw Corter,4944313373,1,scorterk,TWNE14D7AP
Durward Resun,2067885227,1,dresunl,jA934ds2iwum
Jennie Brook,3135174220,6,jbrookm,AnusYwz1LLDk
Currie Selvester,0178722952,3,cselvestern,SEAZRfyi5K
Lucita Swaden,1236727797,4,lswadeno,CEME7os
Trista Beumant,0969865198,2,tbeumantp,rNcaPll6I
Jobye Frangione,9928508119,4,jfrangioneq,cnW2Fw
Ines Birks,8142468123,5,ibirksr,WShDiNjCaXa3
My Lammiman,2400047774,2,mlammimans,Y94ewJAn
Harland Dearnly,8082521139,1,hdearnlyt,ASrVRDiz
Willy Ferronier,4886283810,1,wferronieru,mGXh99MGNaCu
Olvan Tomkiss,8882469409,2,otomkissv,A9O3YGYrn1
Otes Liversedge,4979800734,1,oliversedgew,I9V66gSEZQb
Natalina Betjes,9045660520,2,nbetjesx,5KZIc1RavB4a
Cordelia De Few,6691236742,6,cdey,Ex5NhsGHvx
Holmes Bolesma,2758745542,4,hbolesmaz,sj9v1ZL9k
Gannie Neeves,3716433896,1,gneeves10,MiH06tPMT
Lauritz Fluit,2291344080,6,lfluit11,5pfwLpBX
Doroteya Friman,3192249404,6,dfriman12,nv3cEe
Avery Funcheon,4596448027,1,afuncheon13,UdKBNl
Jessie Eastby,5236905656,6,jeastby14,OdLHpdaX7by
Branden Heffy,9359301183,6,bheffy15,B5h9gNf
Thorndike Witchalls,6904339691,3,twitchalls16,IRrUwqhS
Richard Upsale,7583648955,4,rupsale17,EHd81lV58G1r
Katharine Bartlett,3172612899,3,kbartlett18,J560ujTOFxce
Iseabal Dymick,8696109937,2,idymick19,9na0djI
Parke Labbey,7735936826,2,plabbey1a,T0DUb2cFn
Hadria Ebbitt,2713950279,1,hebbitt1b,U6BXe5rjGfq
Irita Bigglestone,6407213126,2,ibigglestone1c,maMUSF5
Joelie O'Hartagan,6981259362,5,johartagan1d,RZJuJ0
Lillian Aireton,9555183953,3,laireton1e,uJtaq8R
Nial Chark,3204445232,3,nchark1f,3NW67JN
Clarance Thomkins,3768627926,4,cthomkins1g,eofYVXrIBhT
Kerianne Beaston,9781709022,2,kbeaston1h,tb67pUGs34
Nicolina McCome,4731735785,4,nmccome1i,FVKfpaA
Skell Mathiasen,6968834731,6,smathiasen1j,MpsLiiVz7
Geri Sinnie,9770491152,2,gsinnie1k,neXJKYuLy4o
Shirl Huccaby,4941313380,2,shuccaby1l,ZnWaC6AsNBG
Cynthea Girardeau,1477175598,4,cgirardeau1m,HmJCvSlA5Ok
Jaymee Duchan,3742922629,1,jduchan1n,l5VNHdsw7gfV
Arlen Morrissey,2639876686,1,amorrissey1o,4i78800jyCeN
Amargo Oxlee,6421353630,5,aoxlee1p,8nklhv1a8S
Dyann Govey,8760217065,4,dgovey1q,AEZBgA6PMVIh
Tamqrah Dobbin,0381122069,2,tdobbin1r,88s4hPbRn
Roscoe Cardenas,6750290337,6,rcardenas1s,0tmFqYoj
Guillemette Spilsbury,8332443784,3,gspilsbury1t,JBluUny
Laurie Rizzo,2422409407,2,lrizzo1u,XHXWgp
Sherman Janeway,7410239530,5,sjaneway1v,bKziHs5fHF
Noelle Ends,9171511806,3,nends1w,W1NAJN0gE4ML
Charleen Telford,1123633568,3,ctelford1x,q7Y2Lt
Aldus Maior,8679332151,3,amaior1y,Ti3kxUL
Quinta Coburn,2087336695,2,qcoburn1z,bW6Mtg
Happy Verduin,3746381657,6,hverduin20,Is3u3WU8L
Tadeo Pouton,4361596786,6,tpouton21,f5bDeFH
Jareb Matuszewski,4703083736,3,jmatuszewski22,u8WyAh3kdB
Crissie Tomek,7361212441,3,ctomek23,fIAdMi3NIo
Beatriz Brugman,0979565065,3,bbrugman24,5IcLqu869
Elvyn McKea,7805134758,2,emckea25,KZgLonzlmQM
Wyatan Haddleston,2258317509,6,whaddleston26,APDtA2wpe
Gaile Dinkin,1221233637,5,gdinkin27,9pqGgK3E2a
Milicent Dinneen,7942464431,4,mdinneen28,cBCJpwmg
Corrie Winks,7672807986,4,cwinks29,0SNrRl2csL1
Albrecht Crambie,1040211828,6,acrambie2a,RIWbzCFB7H10
Burg De Malchar,6675009028,3,bde2b,d7QS5VDdYq
Dido Scutchin,9517560850,4,dscutchin2c,7aqckx1Hc
Ulrick Livett,7716299166,4,ulivett2d,2XUyliMTqp
Ogdon Richardson,9781402083,3,orichardson2e,IfarmdKq5cl
Erminie Silveston,9074071678,6,esilveston2f,zIp5jk
Sarajane Kares,4759918663,3,skares2g,oozAqj8wEr
Katrinka Siward,9065729003,5,ksiward2h,bayRaXSOr
Ivy Cessford,4724212756,5,icessford2i,SLjBwK22a
Shannan Latour,2735119114,3,slatour2j,eYlrVLBVuSsP
Auroora Grimsley,2279910470,6,agrimsley2k,hLC9iyq
Eveleen Charter,8691312637,5,echarter2l,233TCp6
Dallis Kingwell,6611675760,5,dkingwell2m,QkZQQex
Doro Hubbold,4290033024,3,dhubbold2n,dWCniNSp
Zorina Cragoe,6068304027,4,zcragoe2o,zVH9REU8Ke
Dan Golden of Ireland,9062730922,6,dgolden2p,SJ4IlS
Barret Moorwood,9966471154,1,bmoorwood2q,SCkqg2FfZ
Mavis Tynewell,4755354110,1,mtynewell2r,bZGj9K8X
Rora Loines,1893077128,6,rloines2s,HZ06KMqUuYQa
Inge Gladding,3833334797,4,igladding2t,f7pHCSGN
Talia Stranahan,4645585525,4,tstranahan2u,xdYTsDu
Rahel Buick,4188294825,4,rbuick2v,fUf3UiXqJWlP
Marin Hail,9334928050,2,mhail2w,DI48Kz
Louis Chapier,1605686662,3,lchapier2x,zvdV1dPlaMZx
Edy Zanioletti,7137297412,3,ezanioletti2y,trnbBqDO1I
Claude Stewartson,8960793310,4,cstewartson2z,oPyl20Zr0Q9
Jock Danahar,3019315042,5,jdanahar30,nfPZRo9onWj
Morgan Cuerdall,4621602047,2,mcuerdall31,cCCcKM
Georgianne De Bernardi,4812137675,3,gde32,q3b56PpRz
Banky Masterman,6950477821,3,bmasterman33,0YIIOb5Da
Kary McShane,8867445634,1,kmcshane34,eO1EKISQkz
Cacilia Chewter,8303474006,4,cchewter35,YxrDrD
Kristal Beels,8148454981,6,kbeels36,FEtenVyAV
Lindsay Commander,0184999766,1,lcommander37,EbycrTK
Aubrey Gerritsma,4179391228,2,agerritsma38,m9J8yYu
Osborn Cockill,3105681620,3,ocockill39,cxkshu3oaE
Harriott Felgat,2937306969,2,hfelgat3a,3hL5SnMbVN8
Addia Caughtry,2093906503,6,acaughtry3b,kiGwUAvF2hwP
