<?xml version="1.0" encoding="UTF-8"?>
<project-private xmlns="http://www.netbeans.org/ns/project-private/1">
    <editor-bookmarks xmlns="http://www.netbeans.org/ns/editor-bookmarks/2" lastBookmarkId="0"/>
    <open-files xmlns="http://www.netbeans.org/ns/projectui-open-files/2">
        <group>
            <file>file:/Users/nisamauliaazahra/Downloads/TUGAS%20BESAR%20PBO%20FIX%20BANGET%20INI%20MAH/PROYEKMASADEPAN/SisfoSekolah/src/sisfosekolah/PageAdmin.java</file>
            <file>file:/Users/nisamauliaazahra/Downloads/TUGAS%20BESAR%20PBO%20FIX%20BANGET%20INI%20MAH/PROYEKMASADEPAN/SisfoSekolah/src/sisfosekolah/PageGuru.java</file>
            <file>file:/Users/nisamauliaazahra/Downloads/TUGAS%20BESAR%20PBO%20FIX%20BANGET%20INI%20MAH/PROYEKMASADEPAN/SisfoSekolah/src/sisfosekolah/PageSiswa.java</file>
        </group>
    </open-files>
</project-private>
